episode,reward,epsilon,mode
100,-35.7,0.99998,easy
200,-30.17,0.99998,easy
300,-30.11,0.99998,easy
400,-36.74,0.99998,easy
500,-28.14,0.99998,easy
600,-37.38,0.99998,easy
700,-37.27,0.99998,easy
800,-35.29,0.99998,easy
900,-35.12,0.99998,easy
1000,-32.59,0.9999600004,easy
1100,-36.04,0.9979620590270775,easy
1200,-30.66,0.9959681095835603,easy
1300,-33.55,0.9939781440934882,easy
1400,-35.83,0.9919921545968376,easy
1500,-34.78,0.9900101331494888,easy
1600,-29.56,0.9880320718231953,easy
1700,-27.83,0.9860579627055504,easy
1800,-39.2,0.9840877978999574,easy
1900,-34.44,0.9821215695255969,easy
2000,-29.91,0.9801592697173949,easy
2100,-33.42,0.978200890625992,easy
2200,-35.63,0.9762464244177147,easy
2300,-36.19,0.9742958632745381,easy
2400,-30.49,0.9723491993940583,easy
2500,-32.29,0.9704064249894621,easy
2600,-39.85,0.9684675322894938,easy
2700,-31.88,0.9665325135384246,easy
2800,-31.15,0.9646013609960223,easy
2900,-39.14,0.9626740669375197,easy
3000,-36.43,0.9607506236535837,easy
3100,-39.28,0.9588310234502851,easy
3200,-32.05,0.9569152586490665,easy
3300,-35.78,0.9550033215867134,easy
3400,-29.41,0.9530952046153216,easy
3500,-27.86,0.9511909001022688,easy
3600,-39.82,0.9492904004301808,easy
3700,-31.07,0.9473936979969041,easy
3800,-35.63,0.9455007852154754,easy
3900,-33.27,0.9436116545140901,easy
4000,-30.13,0.9417262983360716,easy
4100,-35.39,0.9398447091398419,easy
4200,-30.56,0.9379668793988911,easy
4300,-35.35,0.9360928016017467,easy
4400,-37.28,0.9342224682519461,easy
4500,-32.61,0.9323558718680027,easy
4600,-32.69,0.93049300498338,easy
4700,-35.64,0.928633860146459,easy
4800,-37.82,0.9267784299205087,easy
4900,-37.32,0.9249267068836574,easy
5000,-37.91,0.9230786836288624,easy
5100,-34.18,0.9212343527638807,easy
5200,-31.75,0.9193937069112379,easy
5300,-43.74,0.9175567387082021,easy
5400,-25.43,0.9157234408067506,easy
5500,-40.6,0.9138938058735421,easy
5600,-32.67,0.912067826589889,easy
5700,-25.33,0.9102454956517254,easy
5800,-32.31,0.9084268057695792,easy
5900,-37.34,0.9066117496685423,easy
6000,-41.79,0.9048003200882428,easy
6100,-36.01,0.902992509782816,easy
6200,-31.97,0.9011883115208729,easy
6300,-32.85,0.8993877180854736,easy
6400,-32.88,0.8975907222740992,easy
6500,-32.02,0.8957973168986192,easy
6600,-24.51,0.8940074947852658,easy
6700,-42.36,0.8922212487746061,easy
6800,-31.19,0.8904385717215101,easy
6900,-30.99,0.8886594564951243,easy
7000,-30.84,0.8868838959788439,easy
7100,-38.51,0.8851118830702813,easy
7200,-33.4,0.8833434106812416,easy
7300,-35.13,0.8815784717376921,easy
7400,-27.37,0.8798170591797317,easy
7500,-36.23,0.8780591659615681,easy
7600,-32.56,0.8763047850514855,easy
7700,-30.43,0.874553909431817,easy
7800,-37.76,0.8728065320989178,easy
7900,-41.34,0.8710626460631368,easy
8000,-30.88,0.8693222443487875,easy
8100,-34.16,0.8675853199941217,easy
8200,-33.62,0.8658518660513009,easy
8300,-35.78,0.8641218755863687,easy
8400,-34.35,0.8623953416792217,easy
8500,-35.44,0.8606722574235841,easy
8600,-24.83,0.8589526159269788,easy
8700,-36.52,0.8572364103107001,easy
8800,-40.5,0.8555236337097857,easy
8900,-40.8,0.8538142792729901,easy
9000,-35.73,0.8521083401627573,easy
9100,-37.59,0.8504058095551906,easy
9200,-23.74,0.8487066806400296,easy
9300,-34.0,0.8470109466206213,easy
9400,-29.59,0.8453186007138908,easy
9500,-34.68,0.843629636150316,easy
9600,-23.48,0.8419440461739032,easy
9700,-30.51,0.8402618240421542,easy
9800,-32.23,0.8385829630260442,easy
9900,-32.04,0.8369074564099929,easy
10000,-35.04,0.835235297491836,easy
10100,-34.55,0.8335664795828029,easy
10200,-39.64,0.8319009960074865,easy
10300,-33.97,0.8302388401038163,easy
10400,-29.59,0.8285800052230342,easy
10500,-33.02,0.8269244847296651,easy
10600,-34.55,0.825272272001493,easy
10700,-27.63,0.8236233604295318,easy
10800,-38.65,0.821977743418002,easy
10900,-28.27,0.820335414384301,easy
11000,-34.06,0.8186963667589802,easy
11100,-37.19,0.8170605939857142,easy
11200,-37.68,0.8154280895212793,easy
11300,-32.6,0.8137988468355262,easy
11400,-31.57,0.8121728594113503,easy
11500,-33.3,0.8105501207446696,easy
11600,-35.41,0.8089306243443984,easy
11700,-33.06,0.8073143637324188,easy
11800,-27.73,0.8057013324435567,easy
11900,-37.63,0.804091524025556,easy
12000,-27.08,0.8024849320390518,easy
12100,-28.97,0.8008815500575467,easy
12200,-32.26,0.7992813716673809,easy
12300,-36.96,0.7976843904677111,easy
12400,-26.62,0.7960906000704829,easy
12500,-40.84,0.7944999941004048,easy
12600,-32.56,0.7929125661949237,easy
12700,-30.24,0.7913283100041991,easy
12800,-29.31,0.7897472191910766,easy
12900,-37.31,0.7881692874310655,easy
13000,-28.89,0.7865945084123094,easy
13100,-39.37,0.7850228758355651,easy
13200,-32.48,0.7834543834141735,easy
13300,-32.24,0.7818890248740373,easy
13400,-34.15,0.7803267939535959,easy
13500,-26.52,0.7787676844037981,easy
13600,-38.61,0.7772116899880782,easy
13700,-30.22,0.7756588044823329,easy
13800,-28.35,0.7741090216748939,easy
13900,-34.97,0.7725623353665027,easy
14000,-22.19,0.7710187393702895,easy
14100,-29.79,0.7694782275117459,easy
14200,-33.23,0.7679407936286972,easy
14300,-25.08,0.7664064315712832,easy
14400,-36.78,0.7648751352019311,easy
14500,-35.8,0.7633468983953311,easy
14600,-36.73,0.7618217150384112,easy
14700,-21.0,0.7602995790303134,easy
14800,-35.96,0.758780484282371,easy
14900,-26.27,0.7572644247180811,easy
15000,-34.23,0.755751394273082,easy
15100,-36.98,0.7542413868951291,easy
15200,-29.56,0.75273439654407,easy
15300,-34.19,0.7512304171918205,easy
15400,-35.53,0.7497294428223404,easy
15500,-27.52,0.7482314674316113,easy
15600,-35.46,0.746736485027609,easy
15700,-28.97,0.7452444896302821,easy
15800,-28.88,0.7437554752715292,easy
15900,-26.25,0.7422694359951701,easy
16000,-25.42,0.7407863658569277,easy
16100,-25.52,0.7393062589244005,easy
16200,-31.88,0.7378291092770397,easy
16300,-26.59,0.7363549110061276,easy
16400,-34.64,0.7348836582147504,easy
16500,-29.69,0.7334153450177779,easy
16600,-24.01,0.731949965541838,easy
16700,-31.04,0.7304875139252934,easy
16800,-25.41,0.7290279843182187,easy
16900,-19.03,0.727571370882376,easy
17000,-33.94,0.7261176677911945,easy
17100,-34.14,0.7246668692297425,easy
17200,-31.67,0.7232189693947086,easy
17300,-35.26,0.7217739624943743,easy
17400,-22.54,0.7203318427485956,easy
17500,-29.17,0.7188926043887767,easy
17600,-34.2,0.7174562416578456,easy
17700,-32.02,0.7160227488102355,easy
17800,-32.42,0.7145921201118582,easy
17900,-30.93,0.7131643498400828,easy
18000,-33.41,0.7117394322837111,easy
18100,-24.3,0.7103173617429589,easy
18200,-27.8,0.7088981325294267,easy
18300,-35.31,0.7074817389660834,easy
18400,-30.38,0.7060681753872385,easy
18500,-14.02,0.7046574361385229,easy
18600,-26.43,0.7032495155768649,easy
18700,-29.31,0.7018444080704684,easy
18800,-36.12,0.7004421079987884,easy
18900,-37.16,0.6990426097525102,easy
19000,-34.46,0.6976459077335282,easy
19100,-28.33,0.6962519963549197,easy
19200,-31.46,0.6948608700409266,easy
19300,-34.0,0.6934725232269299,easy
19400,-24.24,0.6920869503594291,easy
19500,-21.97,0.6907041458960209,easy
19600,-30.75,0.6893241043053748,easy
19700,-24.28,0.6879468200672115,easy
19800,-29.48,0.6865722876722825,easy
19900,-30.59,0.6852005016223469,easy
20000,-27.77,0.6838314564301488,easy
20100,-24.15,0.6824651466193957,easy
20200,-28.83,0.6811015667247372,easy
20300,-28.77,0.6797407112917431,easy
20400,-32.24,0.6783825748768801,easy
20500,-22.94,0.6770271520474928,easy
20600,-15.76,0.6756744373817798,easy
20700,-38.07,0.6743244254687724,easy
20800,-32.12,0.6729771109083128,easy
20900,-31.13,0.6716324883110337,easy
21000,-26.46,0.670290552298335,easy
21100,-32.2,0.6689512975023636,easy
21200,-30.23,0.6676147185659904,easy
21300,-31.09,0.666280810142792,easy
21400,-20.96,0.664949566897026,easy
21500,-27.39,0.6636209835036118,easy
21600,-28.85,0.6622950546481069,easy
21700,-24.35,0.6609717750266882,easy
21800,-38.59,0.6596511393461294,easy
21900,-26.83,0.6583331423237814,easy
22000,-33.36,0.6570177786875478,easy
22100,-28.15,0.6557050431758676,easy
22200,-23.69,0.6543949305376909,easy
22300,-26.9,0.6530874355324617,easy
22400,-34.7,0.6517825529300939,easy
22500,-29.77,0.6504802775109498,easy
22600,-29.57,0.6491806040658231,easy
22700,-30.6,0.6478835273959129,easy
22800,-21.62,0.6465890423128081,easy
22900,-25.06,0.645297143638463,easy
23000,-32.15,0.6440078262051774,easy
23100,-29.31,0.642721084855577,easy
23200,-29.14,0.6414369144425918,easy
23300,-31.62,0.6401553098294351,easy
23400,-30.09,0.6388762658895851,easy
23500,-25.21,0.6375997775067617,easy
23600,-25.88,0.6363258395749077,easy
23700,-20.31,0.6350544469981676,easy
23800,-25.92,0.6337855946908668,easy
23900,-27.63,0.6325192775774944,easy
24000,-26.71,0.6312554905926778,easy
24100,-32.51,0.6299942286811663,easy
24200,-28.98,0.6287354867978104,easy
24300,-33.16,0.6274792599075395,easy
24400,-22.84,0.6262255429853446,easy
24500,-27.33,0.6249743310162558,easy
24600,-24.26,0.6237256189953228,easy
24700,-29.88,0.6224794019275959,easy
24800,-32.63,0.6212356748281062,easy
24900,-28.62,0.6199944327218436,easy
25000,-29.0,0.6187556706437398,easy
25100,-30.6,0.6175193836386448,easy
25200,-22.15,0.6162855667613104,easy
25300,-28.52,0.6150542150763687,easy
25400,-32.07,0.6138253236583121,easy
25500,-28.2,0.6125988875914761,easy
25600,-31.04,0.6113749019700152,easy
25700,-22.68,0.6101533618978888,easy
25800,-27.05,0.6089342624888362,easy
25900,-27.72,0.607717598866361,easy
26000,-31.06,0.6065033661637109,easy
26100,-23.22,0.6052915595238545,easy
26200,-25.39,0.6040821740994675,easy
26300,-33.62,0.6028752050529099,easy
26400,-26.99,0.6016706475562077,easy
26500,-37.08,0.6004684967910322,easy
26600,-33.3,0.5992687479486836,easy
26700,-31.16,0.5980713962300676,easy
26800,-35.21,0.5968764368456807,easy
26900,-30.8,0.5956838650155879,easy
27000,-35.18,0.5944936759694048,easy
27100,-23.33,0.5933058649462789,easy
27200,-24.44,0.5921204271948695,easy
27300,-21.4,0.590937357973329,easy
27400,-38.17,0.5897566525492839,easy
27500,-35.58,0.5885783061998172,easy
27600,-28.73,0.587402314211447,easy
27700,-20.46,0.5862286718801097,easy
27800,-31.83,0.5850573745111406,easy
27900,-31.76,0.5838884174192556,easy
28000,-26.72,0.5827217959285305,easy
28100,-27.52,0.5815575053723849,easy
28200,-33.55,0.5803955410935622,easy
28300,-33.94,0.5792358984441094,easy
28400,-33.47,0.5780785727853628,easy
28500,-19.67,0.5769235594879256,easy
28600,-31.14,0.57577085393165,easy
28700,-19.79,0.5746204515056206,easy
28800,-26.76,0.5734723476081329,easy
28900,-28.14,0.5723265376466798,easy
29000,-31.72,0.5711830170379272,easy
29100,-34.66,0.5700417812076998,easy
29200,-33.9,0.568902825590961,easy
29300,-22.52,0.567766145631797,easy
29400,-26.43,0.5666317367833938,easy
29500,-26.86,0.5654995945080253,easy
29600,-26.38,0.56436971427703,easy
29700,-30.37,0.5632420915707936,easy
29800,-30.29,0.5621167218787356,easy
29900,-25.66,0.5609936006992847,easy
30000,-27.46,0.5598727235398648,easy
30100,-20.84,0.5587540859168764,easy
30200,-24.49,0.5576376833556776,easy
30300,-31.06,0.5565235113905682,easy
30400,-31.65,0.5554115655647687,easy
30500,-31.77,0.5543018414304052,easy
30600,-28.48,0.5531943345484918,easy
30700,-34.61,0.5520890404889108,easy
30800,-25.38,0.550985954830396,easy
30900,-29.28,0.5498850731605147,easy
31000,-23.58,0.548786391075651,easy
31100,-21.98,0.5476899041809866,easy
31200,-31.76,0.5465956080904864,easy
31300,-26.88,0.5455034984268751,easy
31400,-23.41,0.5444135708216259,easy
31500,-32.63,0.54332582091494,easy
31600,-29.29,0.5422402443557289,easy
31700,-35.01,0.5411568368015982,easy
31800,-13.27,0.5400755939188293,easy
31900,-33.85,0.5389965113823633,easy
32000,-19.07,0.5379195848757825,easy
32100,-27.98,0.5368448100912925,easy
32200,-30.65,0.5357721827297073,easy
32300,-24.84,0.5347016985004301,easy
32400,-26.98,0.5336333531214361,easy
32500,-26.28,0.5325671423192582,easy
32600,-27.86,0.5315030618289651,easy
32700,-18.31,0.5304411073941498,easy
32800,-24.17,0.5293812747669071,easy
32900,-23.44,0.5283235597078209,easy
33000,-38.38,0.5272679579859436,easy
33100,-30.53,0.5262144653787849,easy
33200,-30.68,0.5251630776722865,easy
33300,-21.74,0.5241137906608131,easy
33400,-22.21,0.5230666001471308,easy
33500,-24.5,0.5220215019423929,easy
33600,-25.75,0.5209784918661214,easy
33700,-27.52,0.5199375657461911,easy
33800,-27.74,0.5188987194188128,easy
33900,-32.83,0.5178619487285164,easy
34000,-31.21,0.5168272495281357,easy
34100,-36.76,0.5157946176787884,easy
34200,-25.42,0.514764049049864,easy
34300,-29.97,0.5137355395190041,easy
34400,-30.51,0.5127090849720874,easy
34500,-28.0,0.5116846813032118,easy
34600,-30.18,0.5106623244146784,easy
34700,-30.26,0.5096420102169781,easy
34800,-30.96,0.5086237346287705,easy
34900,-30.7,0.5076074935768693,easy
35000,-19.03,0.5065932829962292,easy
35100,-29.24,0.5055810988299254,easy
35200,-31.4,0.5045709370291377,easy
35300,-26.56,0.5035627935531372,easy
35400,-30.06,0.5025566643692686,easy
35500,-22.19,0.5015525454529329,easy
35600,-30.19,0.5005504327875713,easy
35700,-20.53,0.4995503223646541,easy
35800,-23.67,0.49855221018365675,easy
35900,-28.95,0.4975560922520501,easy
36000,-25.18,0.4965619645852813,easy
36100,-24.47,0.4955698232067585,easy
36200,-32.52,0.49457966414783566,easy
36300,-28.52,0.49359148344779585,easy
36400,-17.37,0.49260527715383595,easy
36500,-29.44,0.4916210413210508,easy
36600,-27.96,0.4906387720124169,easy
36700,-27.94,0.48965846529877677,easy
36800,-28.91,0.4886801172588245,easy
36900,-33.52,0.48770372397908784,easy
37000,-20.24,0.4867292815539146,easy
37100,-26.53,0.4857567860854556,easy
37200,-22.64,0.48478623368365,easy
37300,-28.16,0.4838176204662092,easy
37400,-25.66,0.4828509425586011,easy
37500,-25.35,0.48188619609403605,easy
37600,-32.06,0.4809233772134495,easy
37700,-27.94,0.4799624820654876,easy
37800,-26.88,0.4790035068064917,easy
37900,-38.84,0.47804644760048276,easy
38000,-26.75,0.477091300619146,easy
38100,-29.21,0.4761380620418162,easy
38200,-28.3,0.4751867280554607,easy
38300,-31.35,0.474237294854667,easy
38400,-28.69,0.47328975864162454,easy
38500,-30.65,0.4723441156261116,easy
38600,-28.05,0.4714003620254793,easy
38700,-28.27,0.4704584940646363,easy
38800,-18.94,0.4695185079760344,easy
38900,-31.63,0.46858039999965234,easy
39000,-24.73,0.4676441663829824,easy
39100,-25.15,0.46670980338101375,easy
39200,-32.4,0.4657773072562185,easy
39300,-32.56,0.464846674278536,easy
39400,-32.22,0.4639179007253588,easy
39500,-28.18,0.46299098288151747,easy
39600,-27.82,0.46206591703926503,easy
39700,-33.14,0.46114269949826275,easy
39800,-26.86,0.46022132656556497,easy
39900,-30.01,0.45930179455560566,easy
40000,-36.5,0.4583840997901819,easy
40100,-28.67,0.45746823859844027,easy
40200,-32.14,0.4565542073168609,easy
40300,-30.04,0.4556420022892448,easy
40400,-28.81,0.45473161986669725,easy
40500,-26.58,0.4538230564076146,easy
40600,-36.37,0.45291630827766904,easy
40700,-35.41,0.45201137184979456,easy
40800,-31.82,0.4511082435041717,easy
40900,-20.55,0.4502069196282142,easy
41000,-24.53,0.4493073966165527,easy
41100,-24.42,0.4484096708710218,easy
41200,-25.35,0.447513738800646,easy
41300,-31.39,0.44661959682162367,easy
41400,-33.94,0.44572724135731423,easy
41500,-27.55,0.4448366688382233,easy
41600,-29.99,0.4439478757019885,easy
41700,-32.39,0.44306085839336495,easy
41800,-39.67,0.44217561336421163,easy
41900,-29.62,0.4412921370734755,easy
42000,-24.8,0.4404104259871806,easy
42100,-25.33,0.4395304765784098,easy
42200,-28.75,0.43865228532729456,easy
42300,-25.71,0.43777584872099873,easy
42400,-32.0,0.4369011632537038,easy
42500,-30.06,0.43602822542659736,easy
42600,-24.79,0.4351570317478572,easy
42700,-26.67,0.43428757873263707,easy
42800,-25.04,0.4334198629030549,easy
42900,-32.96,0.43255388078817647,easy
43000,-40.96,0.43168962892400264,easy
43100,-35.69,0.43082710385345574,easy
43200,-19.23,0.4299663021263659,easy
43300,-30.5,0.42910722029945614,easy
43400,-28.74,0.42824985493632883,easy
43500,-27.79,0.4273942026074526,easy
43600,-27.3,0.42654025989014877,easy
43700,-34.97,0.4256880233685776,easy
43800,-28.64,0.42483748963372286,easy
43900,-23.29,0.42398865528338087,easy
44000,-27.84,0.42314151692214497,easy
44100,-27.98,0.42229607116139284,easy
44200,-28.36,0.4214523146192728,easy
44300,-29.8,0.42061024392068985,easy
44400,-22.08,0.41976985569729297,easy
44500,-32.9,0.4189311465874605,easy
44600,-20.62,0.4180941132362885,easy
44700,-31.34,0.4172587522955747,easy
44800,-35.33,0.41642506042380806,easy
44900,-30.71,0.41559303428615296,easy
45000,-30.18,0.4147626705544376,easy
45100,-26.25,0.4139339659071386,easy
45200,-26.15,0.41310691702937036,easy
45300,-30.73,0.4122815206128705,easy
45400,-31.65,0.41145777335598616,easy
45500,-28.07,0.41063567196366113,easy
45600,-22.14,0.40981521314742275,easy
45700,-40.16,0.4089963936253692,easy
45800,-31.24,0.4081792101221558,easy
45900,-31.3,0.407363659368982,easy
46000,-27.6,0.4065497381035786,easy
46100,-34.27,0.40573744307019427,easy
46200,-37.48,0.4049267710195829,easy
46300,-33.47,0.40411771870899016,easy
46400,-32.58,0.40331028290214127,easy
46500,-34.92,0.40250446036922716,easy
46600,-28.29,0.4017002478868921,easy
46700,-33.23,0.4008976422382208,easy
46800,-23.44,0.4000966402127254,easy
46900,-35.08,0.3992972386063328,easy
47000,-24.34,0.39849943422137124,easy
47100,-33.34,0.3977032238665587,easy
47200,-22.45,0.3969086043569885,easy
47300,-23.2,0.39611557251411805,easy
47400,-26.95,0.3953241251657559,easy
47500,-28.6,0.3945342591460481,easy
47600,-29.1,0.3937459712954663,easy
47700,-32.9,0.3929592584607945,easy
47800,-27.74,0.3921741174951185,easy
47900,-33.12,0.39139054525780953,easy
48000,-27.35,0.3906085386145154,easy
48100,-32.1,0.3898280944371458,easy
48200,-27.39,0.3890492096038603,easy
48300,-32.47,0.3882718809990566,easy
48400,-28.97,0.3874961055133571,easy
48500,-39.7,0.3867218800435967,easy
48600,-31.07,0.38594920149281065,easy
48700,-28.06,0.38517806677022143,easy
48800,-30.88,0.3844084727912277,easy
48900,-23.82,0.38364041647739083,easy
49000,-30.91,0.38287389475642347,easy
49100,-27.05,0.38210890456217594,easy
49200,-36.87,0.3813454428346256,easy
49300,-27.68,0.3805835065198629,easy
49400,-32.76,0.3798230925700812,easy
49500,-26.95,0.37906419794356266,easy
49600,-34.25,0.3783068196046669,easy
49700,-33.96,0.37755095452381937,easy
49800,-27.76,0.37679659967749785,easy
49900,-28.5,0.37604375204822194,easy
50000,-20.87,0.37529240862453966,easy
50100,-32.03,0.37454256640101613,easy
50200,-36.97,0.37379422237822163,easy
50300,-28.62,0.3730473735627189,easy
50400,-32.1,0.37230201696705195,easy
50500,-37.67,0.37155814960973427,easy
50600,-27.16,0.3708157685152356,easy
50700,-27.26,0.3700748707139713,easy
50800,-32.05,0.3693354532422904,easy
50900,-31.31,0.3685975131424617,easy
51000,-26.58,0.3678610474626654,easy
51100,-36.35,0.3671260532569791,easy
51200,-38.04,0.36639252758536583,easy
51300,-20.67,0.3656604675136634,easy
51400,-25.78,0.36492987011357203,easy
51500,-28.07,0.3642007324626427,easy
51600,-31.41,0.36347305164426513,easy
51700,-35.61,0.3627468247476575,easy
51800,-32.26,0.36202204886785266,easy
51900,-39.63,0.3612987211056882,easy
52000,-29.76,0.36057683856779454,easy
52100,-34.69,0.3598563983665826,easy
52200,-29.72,0.35913739762023256,easy
52300,-22.77,0.35841983345268347,easy
52400,-38.42,0.35770370299362053,easy
52500,-26.81,0.3569890033784632,easy
52600,-30.7,0.3562757317483551,easy
52700,-20.47,0.3555638852501516,easy
52800,-28.97,0.3548534610364088,easy
52900,-33.64,0.3541444562653722,easy
53000,-28.22,0.3534368681009652,easy
53100,-27.22,0.3527306937127769,easy
53200,-29.89,0.3520259302760532,easy
53300,-26.5,0.3513225749716825,easy
53400,-30.95,0.35062062498618674,easy
53500,-35.73,0.34992007751170817,easy
53600,-29.13,0.3492209297460004,easy
53700,-24.34,0.34852317889241546,easy
53800,-34.48,0.34782682215989286,easy
53900,-32.85,0.3471318567629495,easy
54000,-29.0,0.3464382799216673,easy
54100,-26.61,0.3457460888616823,easy
54200,-34.36,0.34505528081417364,easy
54300,-31.27,0.3443658530158536,easy
54400,-39.38,0.3436778027089546,easy
54500,-29.25,0.3429911271412195,easy
54600,-33.03,0.3423058235658896,easy
54700,-29.94,0.3416218892416958,easy
54800,-39.97,0.3409393214328445,easy
54900,-34.96,0.3402581174090092,easy
55000,-35.22,0.3395782744453185,easy
55100,-32.79,0.33889978982234525,easy
55200,-32.63,0.33822266082609526,easy
55300,-37.32,0.33754688474799815,easy
55400,-31.24,0.3368724588848943,easy
55500,-34.23,0.3361993805390254,easy
55600,-26.22,0.33552764701802346,easy
55700,-27.93,0.33485725563489976,easy
55800,-35.82,0.3341882037080341,easy
55900,-31.94,0.3335204885611646,easy
56000,-30.49,0.3328541075233759,easy
56100,-24.04,0.3321890579290904,easy
56200,-36.29,0.33152533711805515,easy
56300,-36.71,0.3308629424353325,easy
56400,-34.77,0.33020187123129036,easy
56500,-29.54,0.32954212086159,easy
56600,-21.59,0.32888368868717643,easy
56700,-32.12,0.3282265720742674,easy
56800,-31.39,0.32757076839434307,easy
56900,-36.76,0.3269162750241351,easy
57000,-28.21,0.32626308934561676,easy
57100,-34.99,0.32561120874599253,easy
57200,-37.34,0.3249606306176866,easy
57300,-21.02,0.3243113523583339,easy
57400,-34.17,0.3236633713707684,easy
57500,-30.84,0.32301668506301356,easy
57600,-33.72,0.32237129084827165,easy
57700,-34.46,0.3217271861449129,easy
57800,-27.06,0.3210843683764665,easy
57900,-32.11,0.3204428349716088,easy
58000,-30.75,0.3198025833641541,easy
58100,-35.22,0.31916361099304436,easy
58200,-32.95,0.3185259153023375,easy
58300,-37.71,0.31788949374119896,easy
58400,-32.48,0.31725434376389117,easy
58500,-34.6,0.31662046282976225,easy
58600,-38.33,0.3159878484032369,easy
58700,-32.06,0.31535649795380605,easy
58800,-31.86,0.3147264089560166,easy
58900,-31.92,0.3140975788894609,easy
59000,-30.04,0.3134700052387679,easy
59100,-38.96,0.3128436854935919,easy
59200,-36.77,0.31221861714860266,easy
59300,-37.4,0.31159479770347664,easy
59400,-29.97,0.3109722246628849,easy
59500,-34.52,0.31035089553648476,easy
59600,-37.77,0.309730807838909,easy
59700,-34.39,0.3091119590897567,easy
59800,-34.39,0.3084943468135822,easy
59900,-39.67,0.3078779685398862,easy
60000,-29.31,0.3072628218031057,easy
60100,-34.02,0.3066489041426036,easy
60200,-35.84,0.30603621310265905,easy
60300,-35.84,0.3054247462324585,easy
60400,-38.19,0.3048145010860845,easy
60500,-32.62,0.30420547522250685,easy
60600,-37.72,0.30359766620557266,easy
60700,-38.46,0.30299107160399646,easy
60800,-34.3,0.30238568899135077,easy
60900,-35.9,0.3017815159460548,easy
61000,-32.52,0.3011785500513684,easy
61100,-33.46,0.3005767888953784,easy
61200,-36.66,0.2999762300709912,easy
61300,-31.44,0.2993768711759227,easy
61400,-32.13,0.298778709812689,easy
61500,-33.2,0.29818174358859595,easy
61600,-31.66,0.2975859701157296,easy
61700,-33.56,0.29699138701094774,easy
61800,-30.93,0.2963979918958698,easy
61900,-30.97,0.2958057823968667,easy
62000,-35.03,0.29521475614505305,easy
62100,-35.81,0.2946249107762749,easy
62200,-31.52,0.29403624393110306,easy
62300,-34.59,0.2934487532548223,easy
62400,-36.36,0.2928624363974224,easy
62500,-37.13,0.29227729101358785,easy
62600,-28.2,0.2916933147626894,easy
62700,-31.44,0.2911105053087751,easy
62800,-32.53,0.2905288603205599,easy
62900,-32.72,0.2899483774714158,easy
63000,-38.33,0.28936905443936467,easy
63100,-30.62,0.2887908889070667,easy
63200,-36.32,0.28821387856181335,easy
63300,-38.4,0.28763802109551595,easy
63400,-38.14,0.287063314204698,easy
63500,-36.31,0.28648975559048506,easy
63600,-25.92,0.2859173429585957,easy
63700,-31.46,0.2853460740193336,easy
63800,-33.01,0.2847759464875763,easy
63900,-33.02,0.2842069580827674,easy
64000,-38.57,0.28363910652890634,easy
64100,-37.34,0.2830723895545413,easy
64200,-39.11,0.28250680489275826,easy
64300,-36.69,0.2819423502811721,easy
64400,-24.83,0.2813790234619191,easy
64500,-31.69,0.2808168221816457,easy
64600,-37.42,0.28025574419150107,easy
64700,-32.95,0.2796957872471277,easy
64800,-30.16,0.2791369491086525,easy
64900,-38.61,0.27857922754067765,easy
65000,-34.77,0.27802262031227093,easy
65100,-36.76,0.2774671251969585,easy
65200,-30.51,0.2769127399727146,easy
65300,-29.57,0.2763594624219533,easy
65400,-34.33,0.27580729033151946,easy
65500,-32.86,0.27525622149267936,easy
65600,-31.06,0.2747062537011133,easy
65700,-37.11,0.2741573847569051,easy
65800,-36.1,0.27360961246453414,easy
65900,-32.09,0.2730629346328677,easy
66000,-36.33,0.27251734907514913,easy
66100,-33.88,0.271972853608992,easy
66200,-33.43,0.27142944605637,easy
66300,-39.7,0.27088712424360895,easy
66400,-33.64,0.27034588600137766,easy
66500,-39.52,0.26980572916467893,easy
66600,-38.01,0.26926665157284135,easy
66700,-32.83,0.268728651069511,easy
66800,-26.18,0.2681917255026415,easy
66900,-36.76,0.2676558727244879,easy
67000,-42.03,0.26712109059159456,easy
67100,-29.3,0.26658737696478957,easy
67200,-35.98,0.26605472970917565,easy
67300,-36.88,0.26552314669412025,easy
67400,-36.37,0.2649926257932479,easy
67500,-25.19,0.26446316488443145,easy
67600,-31.92,0.263934761849785,easy
67700,-33.05,0.263407414575653,easy
67800,-29.59,0.2628811209526033,easy
67900,-27.73,0.2623558788754188,easy
68000,-37.78,0.2618316862430885,easy
68100,-29.88,0.2613085409587992,easy
68200,-31.17,0.26078644092992764,easy
68300,-29.96,0.2602653840680304,easy
68400,-42.21,0.25974536828883793,easy
68500,-31.08,0.2592263915122451,easy
68600,-36.23,0.25870845166230216,easy
68700,-35.23,0.2581915466672082,easy
68800,-33.2,0.2576756744593009,easy
68900,-37.59,0.25716083297504966,easy
69000,-34.95,0.2566470201550463,easy
69100,-35.83,0.2561342339439978,easy
69200,-35.68,0.2556224722907184,easy
69300,-35.02,0.2551117331481189,easy
69400,-42.06,0.2546020144732016,easy
69500,-36.96,0.25409331422704995,easy
69600,-34.9,0.2535856303748217,easy
69700,-27.09,0.25307896088574044,easy
69800,-36.97,0.2525733037330868,easy
69900,-38.21,0.2520686568941913,easy
70000,-32.17,0.2515650183504252,easy
70100,-39.24,0.25106238608719356,easy
70200,-35.89,0.25056075809392625,easy
70300,-39.7,0.25006013236407076,easy
70400,-36.85,0.24956050689508316,easy
70500,-34.6,0.24906187968842114,easy
70600,-35.64,0.24856424874953542,easy
70700,-33.04,0.24806761208786157,easy
70800,-34.9,0.24757196771681267,easy
70900,-36.26,0.24707731365377084,easy
71000,-35.32,0.24658364792007964,easy
71100,-35.25,0.24609096854103585,easy
71200,-38.49,0.24559927354588215,easy
71300,-33.29,0.24510856096779837,easy
71400,-36.38,0.24461882884389433,easy
71500,-32.18,0.24413007521520164,easy
71600,-42.22,0.2436422981266662,easy
71700,-37.15,0.2431554956271398,easy
71800,-34.66,0.242669665769373,easy
71900,-36.25,0.2421848066100067,easy
72000,-36.57,0.24170091620956496,easy
72100,-34.33,0.24121799263244675,easy
72200,-37.71,0.24073603394691856,easy
72300,-35.67,0.24025503822510627,easy
72400,-33.34,0.23977500354298797,easy
72500,-38.97,0.23929592798038585,easy
72600,-34.66,0.23881780962095883,easy
72700,-29.88,0.23834064655219445,easy
72800,-27.94,0.2378644368654018,easy
72900,-22.82,0.23738917865570316,easy
73000,-30.61,0.2369148700220273,easy
73100,-37.2,0.23644150906710099,easy
73200,-34.83,0.2359690938974419,easy
73300,-32.34,0.23549762262335067,easy
73400,-37.52,0.23502709335890407,easy
73500,-33.48,0.23455750422194704,easy
73600,-36.11,0.23408885333408452,easy
73700,-31.6,0.23362113882067495,easy
73800,-38.17,0.2331543588108224,easy
73900,-40.69,0.23268851143736835,easy
74000,-37.05,0.23222359483688584,easy
74100,-34.73,0.23175960714967048,easy
74200,-31.54,0.23129654651973405,easy
74300,-35.41,0.23083441109479602,easy
74400,-34.26,0.23037319902627731,easy
74500,-35.89,0.22991290846929202,easy
74600,-32.25,0.22945353758264056,easy
74700,-33.42,0.22899508452880196,easy
74800,-30.25,0.22853754747392674,easy
74900,-36.5,0.2280809245878295,easy
75000,-39.48,0.22762521404398173,easy
75100,-28.81,0.22717041401950383,easy
75200,-34.18,0.2267165226951589,easy
75300,-30.34,0.22626353825534487,easy
75400,-38.64,0.2258114588880868,easy
75500,-31.75,0.2253602827850307,easy
75600,-34.89,0.22491000814143539,easy
75700,-36.21,0.22446063315616566,easy
75800,-35.8,0.22401215603168506,easy
75900,-35.3,0.22356457497404858,easy
76000,-37.42,0.2231178881928955,easy
76100,-39.59,0.2226720939014424,easy
76200,-31.17,0.2222271903164761,easy
76300,-33.75,0.2217831756583459,easy
76400,-40.54,0.22134004815095706,easy
76500,-37.92,0.22089780602176354,easy
76600,-41.12,0.2204564475017608,easy
76700,-30.09,0.22001597082547875,easy
76800,-34.48,0.2195763742309749,easy
76900,-33.92,0.21913765595982726,easy
77000,-37.23,0.2186998142571269,easy
77100,-37.94,0.21826284737147156,easy
77200,-39.28,0.21782675355495804,easy
77300,-32.72,0.21739153106317569,easy
77400,-36.22,0.21695717815519908,easy
77500,-33.48,0.2165236930935812,easy
77600,-32.93,0.21609107414434664,easy
77700,-34.89,0.21565931957698456,easy
77800,-42.85,0.21522842766444134,easy
77900,-36.94,0.21479839668311437,easy
78000,-39.45,0.21436922491284463,easy
78100,-37.48,0.2139409106369103,easy
78200,-34.29,0.21351345214201928,easy
78300,-30.96,0.21308684771830297,easy
78400,-38.42,0.21266109565930896,easy
78500,-38.57,0.21223619426199428,easy
78600,-40.13,0.21181214182671876,easy
78700,-40.53,0.2113889366572384,easy
78800,-33.02,0.21096657706069788,easy
78900,-41.84,0.21054506134762466,easy
79000,-34.74,0.21012438783192128,easy
79100,-39.84,0.20970455483085976,easy
79200,-37.99,0.20928556066507387,easy
79300,-32.64,0.20886740365855283,easy
79400,-29.83,0.2084500821386346,easy
79500,-37.8,0.2080335944359993,easy
79600,-34.33,0.20761793888466215,easy
79700,-32.61,0.20720311382196693,easy
79800,-33.52,0.20678911758857987,easy
79900,-37.53,0.20637594852848243,easy
80000,-37.28,0.20596360498896457,easy
80100,-39.29,0.20555208532061872,easy
80200,-39.64,0.20514138787733271,easy
80300,-36.31,0.20473151101628337,easy
80400,-38.06,0.2043224530979299,easy
80500,-40.72,0.2039142124860073,easy
80600,-33.19,0.20350678754752005,easy
80700,-30.36,0.2031001766527351,easy
80800,-37.29,0.2026943781751762,easy
80900,-40.43,0.20228939049161584,easy
81000,-38.0,0.20188521198207063,easy
81100,-40.54,0.20148184102979372,easy
81200,-35.49,0.2010792760212683,easy
81300,-39.8,0.20067751534620187,easy
81400,-37.37,0.2002765573975189,easy
81500,-36.42,0.19987640057135492,easy
81600,-35.39,0.19947704326705026,easy
81700,-39.87,0.19907848388714303,easy
81800,-40.39,0.19868072083736346,easy
81900,-36.82,0.19828375252662678,easy
82000,-40.63,0.19788757736702747,easy
82100,-33.85,0.19749219377383287,easy
82200,-36.28,0.19709760016547648,easy
82300,-40.93,0.19670379496355161,easy
82400,-33.12,0.1963107765928054,easy
82500,-37.38,0.1959185434811325,easy
82600,-39.29,0.19552709405956867,easy
82700,-32.15,0.19513642676228424,easy
82800,-37.47,0.1947465400265783,easy
82900,-34.87,0.19435743229287192,easy
83000,-34.0,0.19396910200470294,easy
83100,-37.21,0.19358154760871843,easy
83200,-32.35,0.19319476755466927,easy
83300,-37.05,0.19280876029540378,easy
83400,-31.69,0.19242352428686146,easy
83500,-31.86,0.19203905798806697,easy
83600,-31.88,0.19165535986112392,easy
83700,-34.18,0.19127242837120872,easy
83800,-37.13,0.19089026198656392,easy
83900,-39.31,0.19050885917849314,easy
84000,-38.04,0.1901282184213541,easy
84100,-36.71,0.18974833819255277,easy
84200,-31.77,0.1893692169725374,easy
84300,-32.44,0.18899085324479217,easy
84400,-35.61,0.18861324549583153,easy
84500,-37.94,0.18823639221519373,easy
84600,-32.34,0.18786029189543496,easy
84700,-39.35,0.18748494303212335,easy
84800,-36.9,0.18711034412383298,easy
84900,-40.36,0.1867364936721378,easy
85000,-36.34,0.18636339018160542,easy
85100,-36.73,0.18599103215979151,easy
85200,-40.57,0.18561941811723381,easy
85300,-37.49,0.18524854656744588,easy
85400,-40.21,0.1848784160269115,easy
85500,-41.69,0.18450902501507824,easy
85600,-38.32,0.18414037205435219,easy
85700,-40.61,0.18377245567009137,easy
85800,-34.69,0.1834052743906002,easy
85900,-31.38,0.18303882674712385,easy
86000,-35.11,0.182673111273842,easy
86100,-38.48,0.18230812650786282,easy
86200,-32.04,0.18194387098921772,easy
86300,-37.22,0.18158034326085495,easy
86400,-34.64,0.1812175418686341,easy
86500,-38.52,0.1808554653613199,easy
86600,-26.63,0.18049411229057719,easy
86700,-31.44,0.18013348121096417,easy
86800,-31.64,0.1797735706799271,easy
86900,-37.68,0.17941437925779452,easy
87000,-31.43,0.17905590550777156,easy
87100,-40.97,0.17869814799593414,easy
87200,-30.05,0.17834110529122307,easy
87300,-32.77,0.17798477596543852,easy
87400,-35.45,0.17762915859323414,easy
87500,-38.6,0.1772742517521117,easy
87600,-35.76,0.17692005402241492,easy
87700,-40.61,0.1765665639873239,easy
87800,-36.63,0.17621378023284973,easy
87900,-36.79,0.17586170134782889,easy
88000,-33.72,0.1755103259239172,easy
88100,-39.84,0.17515965255558413,easy
88200,-40.42,0.17480967984010798,easy
88300,-40.56,0.1744604063775695,easy
88400,-31.56,0.1741118307708461,easy
88500,-37.41,0.1737639516256071,easy
88600,-29.23,0.17341676755030772,easy
88700,-37.03,0.17307027715618323,easy
88800,-40.95,0.17272447905724425,easy
88900,-39.92,0.1723793718702699,easy
89000,-37.16,0.1720349542148035,easy
89100,-39.21,0.1716912247131463,easy
89200,-38.01,0.17134818199035254,easy
89300,-38.73,0.17100582467422332,easy
89400,-38.66,0.17066415139530125,easy
89500,-41.6,0.17032316078686602,easy
89600,-35.25,0.169982851484927,easy
89700,-36.05,0.16964322212821945,easy
89800,-33.28,0.1693042713581984,easy
89900,-39.34,0.16896599781903324,easy
90000,-36.2,0.16862840015760203,easy
90100,-39.36,0.1682914770234869,easy
90200,-40.29,0.16795522706896776,easy
90300,-33.91,0.16761964894901757,easy
90400,-38.59,0.16728474132129653,easy
90500,-34.67,0.1669505028461469,easy
90600,-34.88,0.16661693218658732,easy
90700,-32.58,0.16628402800830824,easy
90800,-37.36,0.16595178897966595,easy
90900,-38.21,0.16562021377167735,easy
91000,-41.7,0.1652893010580145,easy
91100,-30.48,0.16495904951499957,easy
91200,-33.68,0.16462945782159977,easy
91300,-37.2,0.16430052465942133,easy
91400,-39.6,0.16397224871270488,easy
91500,-34.62,0.16364462866831994,easy
91600,-36.84,0.1633176632157597,easy
91700,-32.54,0.1629913510471356,easy
91800,-41.65,0.16266569085717264,easy
91900,-34.69,0.1623406813432036,easy
92000,-37.87,0.1620163212051637,easy
92100,-36.25,0.16169260914558634,easy
92200,-35.8,0.1613695438695967,easy
92300,-39.41,0.16104712408490768,easy
92400,-39.89,0.16072534850181372,easy
92500,-32.17,0.16040421583318631,easy
92600,-36.51,0.16008372479446872,easy
92700,-39.24,0.15976387410367052,easy
92800,-28.81,0.15944466248136327,easy
92900,-35.56,0.1591260886506743,easy
93000,-30.45,0.15880815133728252,easy
93100,-40.15,0.15849084926941262,easy
93200,-38.34,0.1581741811778307,easy
93300,-41.02,0.15785814579583843,easy
93400,-37.03,0.15754274185926878,easy
93500,-40.82,0.15722796810648035,easy
93600,-34.59,0.15691382327835254,easy
93700,-36.32,0.15660030611828035,easy
93800,-33.62,0.1562874153721695,easy
93900,-30.27,0.15597514978843208,easy
94000,-41.19,0.1556635081179797,easy
94100,-32.54,0.1553524891142208,easy
94200,-39.79,0.15504209153305387,easy
94300,-36.8,0.15473231413286348,easy
94400,-35.21,0.1544231556745148,easy
94500,-35.61,0.15411461492134873,easy
94600,-32.69,0.15380669063917732,easy
94700,-31.56,0.15349938159627827,easy
94800,-35.76,0.15319268656339052,easy
94900,-41.49,0.15288660431370898,easy
95000,-34.67,0.15258113362287956,easy
95100,-32.68,0.15227627326899484,easy
95200,-41.57,0.1519720220325886,easy
95300,-38.18,0.15166837869663094,easy
95400,-42.87,0.15136534204652397,easy
95500,-42.07,0.15106291087009655,easy
95600,-34.94,0.1507610839575993,easy
95700,-39.19,0.15045986010169995,easy
95800,-38.8,0.1501592380974788,easy
95900,-36.64,0.14985921674242303,easy
96000,-35.71,0.1495597948364232,easy
96100,-39.99,0.14926097118176698,easy
96200,-37.42,0.1489627445831357,easy
96300,-37.32,0.1486651138475985,easy
96400,-34.41,0.14836807778460845,easy
96500,-40.47,0.148071635205997,easy
96600,-35.01,0.1477757849259697,easy
96700,-43.8,0.14748052576110163,easy
96800,-34.37,0.14718585653033184,easy
96900,-35.65,0.14689177605495946,easy
97000,-40.74,0.14659828315863882,easy
97100,-34.57,0.14630537666737423,easy
97200,-41.52,0.1460130554095161,easy
97300,-41.31,0.1457213182157556,easy
97400,-33.45,0.1454301639191202,easy
97500,-35.71,0.14513959135496907,easy
97600,-40.1,0.14484959936098812,easy
97700,-36.95,0.14456018677718596,easy
97800,-39.0,0.14427135244588873,easy
97900,-41.99,0.1439830952117356,easy
98000,-40.51,0.14369541392167418,easy
98100,-35.96,0.14340830742495575,easy
98200,-34.87,0.1431217745731312,easy
98300,-34.46,0.14283581422004563,easy
98400,-37.5,0.14255042522183456,easy
98500,-36.86,0.1422656064369186,easy
98600,-37.74,0.14198135672599962,easy
98700,-39.23,0.14169767495205557,easy
98800,-42.03,0.14141455998033636,easy
98900,-41.14,0.14113201067835884,easy
99000,-40.85,0.14085002591590315,easy
99100,-40.26,0.14056860456500703,easy
99200,-31.1,0.14028774549996242,easy
99300,-43.96,0.14000744759731001,easy
99400,-34.83,0.13972770973583545,easy
99500,-38.97,0.13944853079656466,easy
99600,-35.72,0.13916990966275913,easy
99700,-34.25,0.1388918452199115,easy
99800,-32.97,0.13861433635574158,easy
99900,-38.57,0.13833738196019132,easy
100000,-32.16,0.1380609809254206,easy
100100,-34.92,0.1377851321458026,easy
100200,-38.95,0.13750983451791993,easy
100300,-40.4,0.13723508694055955,easy
100400,-32.21,0.13696088831470896,easy
100500,-32.36,0.13668723754355147,easy
100600,-38.59,0.1364141335324615,easy
100700,-37.08,0.13614157518900094,easy
100800,-32.95,0.13586956142291418,easy
100900,-34.03,0.13559809114612406,easy
101000,-37.3,0.13532716327272729,easy
101100,-37.78,0.1350567767189906,easy
101200,-41.1,0.13478693040334547,easy
101300,-34.83,0.13451762324638492,easy
101400,-36.7,0.1342488541708583,easy
101500,-37.76,0.13398062210166756,easy
101600,-40.58,0.1337129259658624,easy
101700,-32.09,0.13344576469263655,easy
101800,-32.85,0.13317913721332328,easy
101900,-36.62,0.13291304246139102,easy
102000,-35.82,0.13264747937243906,easy
102100,-42.11,0.13238244688419354,easy
102200,-34.25,0.13211794393650278,easy
102300,-38.17,0.13185396947133335,easy
102400,-36.36,0.13159052243276642,easy
102500,-37.05,0.1313276017669921,easy
102600,-32.32,0.1310652064223063,easy
102700,-39.34,0.1308033353491063,easy
102800,-38.03,0.13054198749988674,easy
102900,-36.03,0.1302811618292347,easy
103000,-37.08,0.13002085729382643,easy
103100,-36.22,0.12976107285242247,easy
103200,-36.28,0.12950180746586404,easy
103300,-37.01,0.1292430600970685,easy
103400,-35.11,0.12898482971102535,easy
103500,-32.37,0.12872711527479214,easy
103600,-34.97,0.12846991575748984,easy
103700,-37.4,0.12821323013029962,easy
103800,-31.04,0.12795705736645824,easy
103900,-31.42,0.12770139644125353,easy
104000,-37.81,0.12744624633202126,easy
104100,-39.7,0.12719160601814009,easy
104200,-35.09,0.12693747448102816,easy
104300,-33.73,0.12668385070413865,easy
104400,-31.1,0.12643073367295582,easy
104500,-35.38,0.12617812237499085,easy
104600,-28.61,0.12592601579977802,easy
104700,-38.72,0.1256744129388706,easy
104800,-36.46,0.12542331278583668,easy
104900,-38.0,0.12517271433625513,easy
105000,-39.36,0.12492261658771174,easy
105100,-35.37,0.1246730185397953,easy
105200,-37.01,0.12442391919409329,easy
105300,-43.81,0.12417531755418812,easy
105400,-38.24,0.12392721262565301,easy
105500,-37.85,0.12367960341604797,easy
105600,-35.9,0.12343248893491612,easy
105700,-31.77,0.12318586819377932,easy
105800,-41.73,0.1229397402061345,easy
105900,-41.12,0.12269410398744984,easy
106000,-41.84,0.1224489585551604,easy
106100,-37.61,0.1222043029286646,easy
106200,-35.48,0.1219601361293199,easy
106300,-40.86,0.1217164571804394,easy
106400,-37.87,0.12147326510728743,easy
106500,-38.89,0.1212305589370759,easy
106600,-37.26,0.12098833769896034,easy
106700,-36.59,0.1207466004240362,easy
106800,-33.51,0.12050534614533452,easy
106900,-39.96,0.12026457389781878,easy
107000,-35.8,0.12002428271838037,easy
107100,-37.02,0.11978447164583501,easy
107200,-41.11,0.11954513972091886,easy
107300,-29.44,0.11930628598628489,easy
107400,-34.44,0.11906790948649859,easy
107500,-30.12,0.11883000926803458,easy
107600,-36.68,0.11859258437927264,easy
107700,-41.82,0.11835563387049393,easy
107800,-32.52,0.11811915679387712,easy
107900,-34.8,0.11788315220349481,easy
108000,-40.83,0.11764761915530927,easy
108100,-38.4,0.11741255670716914,easy
108200,-31.56,0.11717796391880557,easy
108300,-37.26,0.11694383985182834,easy
108400,-37.98,0.11671018356972214,easy
108500,-32.75,0.11647699413784283,easy
108600,-31.5,0.11624427062341369,easy
108700,-42.24,0.11601201209552178,easy
108800,-38.51,0.11578021762511413,easy
108900,-38.49,0.11554888628499385,easy
109000,-34.63,0.11531801714981693,easy
109100,-34.28,0.11508760929608791,easy
109200,-31.34,0.11485766180215674,easy
109300,-39.88,0.11462817374821471,easy
109400,-33.51,0.11439914421629102,easy
109500,-38.08,0.11417057229024878,easy
109600,-36.23,0.11394245705578171,easy
109700,-31.75,0.11371479760041037,easy
109800,-34.17,0.1134875930134785,easy
109900,-38.41,0.11326084238614906,easy
110000,-32.32,0.11303454481140128,easy
110100,-41.71,0.1128086993840263,easy
110200,-39.66,0.11258330520062418,easy
110300,-36.23,0.11235836135959992,easy
110400,-39.41,0.11213386696115962,easy
110500,-36.64,0.11190982110730768,easy
110600,-37.18,0.11168622290184231,easy
110700,-39.51,0.11146307145035249,easy
110800,-36.11,0.11124036586021434,easy
110900,-34.12,0.11101810524058728,easy
111000,-37.92,0.1107962887024109,easy
111100,-41.93,0.11057491535840085,easy
111200,-35.91,0.11035398432304588,easy
111300,-35.6,0.11013349471260384,easy
111400,-37.87,0.1099134456450983,easy
111500,-35.42,0.10969383624031513,easy
111600,-36.06,0.10947466561979885,easy
111700,-37.03,0.10925593290684917,easy
111800,-43.03,0.10903763722651748,easy
111900,-32.9,0.10881977770560326,easy
112000,-35.87,0.10860235347265071,easy
112100,-32.69,0.10838536365794521,easy
112200,-40.6,0.10816880739350984,easy
112300,-34.98,0.10795268381310189,easy
112400,-35.77,0.10773699205220952,easy
112500,-40.73,0.1075217312480481,easy
112600,-39.91,0.10730690053955699,easy
112700,-37.73,0.10709249906739583,easy
112800,-37.95,0.1068785259739413,easy
112900,-33.11,0.10666498040328358,easy
113000,-39.89,0.10645186150122313,easy
113100,-37.0,0.10623916841526687,easy
113200,-40.16,0.1060269002946253,easy
113300,-32.72,0.10581505629020853,easy
113400,-39.77,0.10560363555462336,easy
113500,-38.04,0.1053926372421697,easy
113600,-38.07,0.10518206050883704,easy
113700,-43.28,0.10497190451230144,easy
113800,-37.12,0.10476216841192175,easy
113900,-40.85,0.10455285136873643,easy
114000,-36.88,0.10434395254546047,easy
114100,-35.64,0.10413547110648147,easy
114200,-31.98,0.10392740621785673,easy
114300,-39.04,0.1037197570473098,easy
114400,-36.08,0.10351252276422707,easy
114500,-36.0,0.10330570253965453,easy
114600,-39.9,0.10309929554629456,easy
114700,-38.05,0.10289330095850233,easy
114800,-32.29,0.10268771795228276,easy
114900,-40.89,0.10248254570528713,easy
115000,-34.78,0.10227778339680975,easy
115100,-37.32,0.10207343020778466,easy
115200,-34.71,0.10186948532078251,easy
115300,-32.29,0.10166594792000719,easy
115400,-32.58,0.10146281719129249,easy
115500,-37.09,0.10126009232209908,easy
115600,-36.78,0.10105777250151095,easy
115700,-34.78,0.10085585692023229,easy
115800,-37.97,0.10065434477058446,easy
115900,-37.34,0.10045323524650242,easy
116000,-39.97,0.10025252754353171,easy
116100,-35.7,0.10005222085882513,easy
116200,-33.8,0.09985231439113973,easy
116300,-38.53,0.0996528073408334,easy
116400,-41.16,0.09945369890986169,easy
116500,-31.97,0.09925498830177472,easy
116600,-41.17,0.09905667472171378,easy
116700,-39.58,0.0988587573764085,easy
116800,-40.34,0.0986612354741734,easy
116900,-34.11,0.09846410822490474,easy
117000,-35.34,0.09826737484007758,easy
117100,-34.99,0.09807103453274238,easy
117200,-38.94,0.09787508651752186,easy
117300,-36.56,0.09767953001060811,easy
117400,-42.61,0.09748436422975913,easy
117500,-41.68,0.09728958839429591,easy
117600,-39.63,0.0970952017250994,easy
117700,-35.51,0.09690120344460694,easy
117800,-38.52,0.09670759277680974,easy
117900,-39.23,0.09651436894724935,easy
118000,-40.4,0.09632153118301469,easy
118100,-38.07,0.09612907871273915,easy
118200,-41.13,0.09593701076659701,easy
118300,-38.85,0.09574532657630098,easy
118400,-37.09,0.09555402537509873,easy
118500,-39.9,0.09536310639776982,easy
118600,-38.95,0.0951725688806228,easy
118700,-37.94,0.09498241206149224,easy
118800,-38.52,0.09479263517973521,easy
118900,-38.53,0.09460323747622888,easy
119000,-37.07,0.09441421819336704,easy
119100,-41.95,0.09422557657505712,easy
119200,-40.5,0.0940373118667173,easy
119300,-40.3,0.09384942331527348,easy
119400,-35.21,0.09366191016915609,easy
119500,-33.27,0.09347477167829739,easy
119600,-35.32,0.09328800709412818,easy
119700,-34.1,0.0931016156695749,easy
119800,-35.9,0.09291559665905676,easy
119900,-43.54,0.0927299493184825,easy
120000,-32.6,0.09254467290524762,easy
120100,-29.3,0.09235976667823158,easy
120200,-29.18,0.09217522989779427,easy
120300,-39.83,0.09199106182577364,easy
120400,-34.7,0.09180726172548236,easy
120500,-36.91,0.09162382886170509,easy
120600,-33.57,0.09144076250069556,easy
120700,-40.9,0.09125806191017335,easy
120800,-38.16,0.0910757263593212,easy
120900,-42.42,0.09089375511878207,easy
121000,-34.42,0.09071214746065635,easy
121100,-42.11,0.0905309026584985,easy
121200,-35.41,0.09035001998731464,easy
121300,-30.88,0.09016949872355927,easy
121400,-35.82,0.0899893381451328,easy
121500,-39.5,0.08980953753137812,easy
121600,-34.72,0.08963009616307822,easy
121700,-30.51,0.08945101332245296,easy
121800,-39.61,0.08927228829315657,easy
121900,-38.79,0.0890939203602742,easy
122000,-35.11,0.08891590881031984,easy
122100,-37.99,0.08873825293123262,easy
122200,-34.68,0.08856095201237466,easy
122300,-36.26,0.08838400534452781,easy
122400,-39.0,0.08820741221989103,easy
122500,-38.08,0.08803117193207743,easy
122600,-38.26,0.08785528377611164,easy
122700,-38.33,0.08767974704842664,easy
122800,-35.01,0.08750456104686125,easy
122900,-34.47,0.08732972507065716,easy
123000,-42.54,0.08715523842045633,easy
123100,-35.08,0.08698110039829797,easy
123200,-31.79,0.08680731030761576,easy
123300,-39.98,0.08663386745323519,easy
123400,-32.58,0.08646077114137088,easy
123500,-36.0,0.08628802067962348,easy
123600,-34.1,0.0861156153769769,easy
123700,-21.25,0.0859435545437961,easy
123800,-39.11,0.08577183749182367,easy
123900,-37.3,0.08560046353417743,easy
124000,-37.7,0.08542943198534765,easy
124100,-30.53,0.08525874216119422,easy
124200,-33.29,0.08508839337894394,easy
124300,-37.92,0.08491838495718775,easy
124400,-40.52,0.08474871621587818,easy
124500,-29.89,0.08457938647632653,easy
124600,-31.39,0.08441039506120007,easy
124700,-37.16,0.08424174129451946,easy
124800,-40.02,0.08407342450165575,easy
124900,-39.66,0.08390544400932813,easy
125000,-35.93,0.083737799145601,easy
125100,-36.57,0.0835704892398813,easy
125200,-37.72,0.08340351362291572,easy
125300,-39.6,0.0832368716267882,easy
125400,-41.35,0.0830705625849173,easy
125500,-33.69,0.08290458583205326,easy
125600,-32.64,0.08273894070427558,easy
125700,-36.22,0.08257362653899025,easy
125800,-32.84,0.08240864267492713,easy
125900,-37.19,0.08224398845213747,easy
126000,-38.54,0.08207966321199087,easy
126100,-38.64,0.08191566629717312,easy
126200,-30.72,0.08175199705168318,easy
126300,-33.79,0.0815886548208307,easy
126400,-35.85,0.08142563895123348,easy
126500,-38.41,0.08126294879081483,easy
126600,-38.8,0.08110058368880085,easy
126700,-30.4,0.08093854299571795,easy
126800,-34.32,0.08077682606339016,easy
126900,-34.48,0.08061543224493657,easy
127000,-39.34,0.08045436089476886,easy
127100,-32.91,0.08029361136858841,easy
127200,-33.02,0.08013318302338407,easy
127300,-39.65,0.07997307521742952,easy
127400,-37.32,0.07981328731028044,easy
127500,-35.31,0.07965381866277214,easy
127600,-37.46,0.07949466863701714,easy
127700,-26.62,0.07933583659640243,easy
127800,-36.64,0.07917732190558685,easy
127900,-33.14,0.07901912393049876,easy
128000,-30.36,0.0788612420383334,easy
128100,-29.83,0.07870367559755034,easy
128200,-32.83,0.0785464239778711,easy
128300,-36.23,0.07838948655027632,easy
128400,-37.74,0.07823286268700344,easy
128500,-37.27,0.07807655176154449,easy
128600,-35.12,0.07792055314864293,easy
128700,-38.53,0.07776486622429149,easy
